scope,input,n,algo,trials,millis,compares,moves,extraBytes,maxDepth,shuffles,shufflesMin,shufflesMax,sortedTrials,stableTrials
kinds,random,4000,quickSort,1,0.7470,60178.0,71553.0,8,29,0.0,0,0,1,1
kinds,random,4000,mergeSort,1,1.1090,42844.0,95808.0,32008,13,0.0,0,0,1,1
kinds,sorted,4000,quickSort,1,30.5173,7998000.0,0.0,8,4000,0.0,0,0,1,1
kinds,sorted,4000,mergeSort,1,0.6767,23728.0,95808.0,32008,13,0.0,0,0,1,1
kinds,reversed,4000,quickSort,1,23.9477,7998000.0,6000.0,8,4000,0.0,0,0,1,1
kinds,reversed,4000,mergeSort,1,0.7177,24176.0,95808.0,32008,13,0.0,0,0,1,1
kinds,few-unique,4000,quickSort,1,3.9223,1012912.0,21234.0,8,525,0.0,0,0,1,0
kinds,few-unique,4000,mergeSort,1,0.9283,41320.0,95808.0,32008,13,0.0,0,0,1,1
growth,random,1000,quickSort,1,0.1640,10311.0,13776.0,8,23,0.0,0,0,1,1
growth,random,1000,mergeSort,1,0.2097,8713.0,19952.0,8008,11,0.0,0,0,1,1
growth,random,2000,quickSort,1,0.3527,24997.0,33531.0,8,23,0.0,0,0,1,1
growth,random,2000,mergeSort,1,0.5153,19449.0,43904.0,16008,12,0.0,0,0,1,1
growth,random,4000,quickSort,1,0.7423,60178.0,71553.0,8,29,0.0,0,0,1,1
growth,random,4000,mergeSort,1,1.0930,42844.0,95808.0,32008,13,0.0,0,0,1,1
growth,random,8000,quickSort,1,1.6607,117355.0,183660.0,8,39,0.0,0,0,1,1
growth,random,8000,mergeSort,1,2.2247,93666.0,207616.0,64008,14,0.0,0,0,1,1
growth,random,16000,quickSort,1,3.5413,253671.0,369093.0,8,33,0.0,0,0,1,1
growth,random,16000,mergeSort,1,5.0973,203238.0,447232.0,128008,15,0.0,0,0,1,1
growth,random,32000,quickSort,1,7.8547,593903.0,770682.0,8,38,0.0,0,0,1,1
growth,random,32000,mergeSort,1,10.2273,438500.0,958464.0,256008,16,0.0,0,0,1,1
growth,random,64000,quickSort,1,16.3553,1243283.0,1807911.0,8,38,0.0,0,0,1,1
growth,random,64000,mergeSort,1,21.8797,941022.0,2044928.0,512008,17,0.0,0,0,1,1
growth,sorted,1000,quickSort,1,1.8720,499500.0,0.0,8,1000,0.0,0,0,1,1
growth,sorted,1000,mergeSort,1,0.1450,4932.0,19952.0,8008,11,0.0,0,0,1,1
growth,sorted,2000,quickSort,1,7.8320,1999000.0,0.0,8,2000,0.0,0,0,1,1
growth,sorted,2000,mergeSort,1,0.3070,10864.0,43904.0,16008,12,0.0,0,0,1,1
growth,sorted,4000,quickSort,1,29.6520,7998000.0,0.0,8,4000,0.0,0,0,1,1
growth,sorted,4000,mergeSort,1,0.6850,23728.0,95808.0,32008,13,0.0,0,0,1,1
growth,sorted,8000,quickSort,1,123.1340,31996000.0,0.0,8,8000,0.0,0,0,1,1
growth,sorted,8000,mergeSort,1,1.4700,51456.0,207616.0,64008,14,0.0,0,0,1,1
bogo,random,2,quickSort,10,0.0005,1.0,1.2,8,2,0.0,0,0,10,10
bogo,random,2,mergeSort,10,0.0003,1.0,4.0,24,2,0.0,0,0,10,10
bogo,random,2,bogoSort,10,0.0003,1.9,1.2,8,1,0.9,0,4,10,10
bogo,random,3,quickSort,10,0.0005,2.7,3.3,8,3,0.0,0,0,10,10
bogo,random,3,mergeSort,10,0.0004,2.6,10.0,32,3,0.0,0,0,10,10
bogo,random,3,bogoSort,10,0.0005,9.9,13.5,8,1,5.4,0,21,10,10
bogo,random,4,quickSort,10,0.0004,4.8,5.4,8,4,0.0,0,0,10,10
bogo,random,4,mergeSort,10,0.0022,4.8,16.0,40,3,0.0,0,0,10,10
bogo,random,4,bogoSort,10,0.0016,32.8,106.8,8,1,18.9,0,48,10,10
bogo,random,5,quickSort,10,0.0005,6.8,9.6,8,4,0.0,0,0,10,10
bogo,random,5,mergeSort,10,0.0014,7.2,24.0,48,4,0.0,0,0,10,10
bogo,random,5,bogoSort,10,0.0204,475.9,2316.6,8,1,281.6,14,1689,10,10
bogo,random,6,quickSort,10,0.0005,10.2,12.6,8,5,0.0,0,0,10,10
bogo,random,6,mergeSort,10,0.0008,10.1,32.0,56,4,0.0,0,0,10,10
bogo,random,6,bogoSort,10,0.0523,1043.3,6400.2,8,1,601.1,103,2447,10,10
bogo,random,7,quickSort,10,0.0006,12.5,15.0,8,6,0.0,0,0,10,10
bogo,random,7,mergeSort,10,0.0009,12.6,40.0,64,4,0.0,0,0,10,10
bogo,random,7,bogoSort,10,0.7725,12902.5,99515.4,8,1,7526.9,224,26628,10,10
bogo,random,8,quickSort,10,0.0007,16.7,18.0,8,6,0.0,0,0,10,10
bogo,random,8,mergeSort,10,0.0009,16.2,48.0,72,4,0.0,0,0,10,10
bogo,random,8,bogoSort,10,3.4068,50173.9,463213.8,8,1,29249.6,2249,98224,10,10
bogo,random,9,quickSort,10,0.0008,21.9,22.2,8,7,0.0,0,0,10,10
bogo,random,9,mergeSort,10,0.0010,19.9,58.0,80,5,0.0,0,0,10,10
bogo,random,9,bogoSort,10,60.7464,796035.6,8580473.4,8,1,463506.7,55412,1262506,10,10
bogo,random,10,quickSort,10,0.0008,24.4,25.5,8,8,0.0,0,0,10,10
bogo,random,10,mergeSort,10,0.0013,22.8,68.0,88,5,0.0,0,0,10,10
bogo,random,10,bogoSort,10,411.4870,4942485.8,61019838.9,8,1,2876544.3,385753,7200551,10,10
dup,few-unique,10,quickSort,10,0.0008,24.4,25.8,8,6,0.0,0,0,10,1
dup,few-unique,10,mergeSort,10,0.0011,22.0,68.0,88,5,0.0,0,0,10,10
dup,few-unique,10,bogoSort,10,18.0013,227587.9,2651177.4,8,1,124960.8,7730,722595,10,0
